"Timestamp"," [RED (2010, 1:51)]"," [The Grand Budapest Hotel (2014, 1:40)]"," [Anaconda (1997, 1:29)]"," [Vampire Academy (2014, 1:44)]"," [Speed (1994, 1:56)]"," [Super Mario Bros (1993, 1:45)]"," [The Neon Demon (2016, 1:58)]"," [The Life Aquatic (2004, 1:59)]"
"2021/03/03 3:03:01 pm GMT-5","I would REALLY LIKE to watch this film","I would NOT come to watch this film","I would NOT come to watch this film","I would REALLY LIKE to watch this film","I would REALLY LIKE to watch this film","I would REALLY LIKE to watch this film","I would NOT come to watch this film","I would NOT come to watch this film"
"2021/03/03 3:06:34 pm GMT-5","I do not love this film but would still show up","I would NOT come to watch this film","I do not love this film but would still show up","I would REALLY LIKE to watch this film","I do not love this film but would still show up","I do not love this film but would still show up","I would NOT come to watch this film","I would NOT come to watch this film"
"2021/03/03 3:07:02 pm GMT-5","I would NOT come to watch this film","I would REALLY LIKE to watch this film","I do not love this film but would still show up","I do not love this film but would still show up","I do not love this film but would still show up","I would REALLY LIKE to watch this film","I do not love this film but would still show up","I would REALLY LIKE to watch this film"
"2021/03/03 3:08:43 pm GMT-5","I would REALLY LIKE to watch this film","I do not love this film but would still show up","I do not love this film but would still show up","I would REALLY LIKE to watch this film","I would REALLY LIKE to watch this film","I would REALLY LIKE to watch this film","I do not love this film but would still show up","I do not love this film but would still show up"
"2021/03/03 5:16:13 pm GMT-5","I would REALLY LIKE to watch this film","I do not love this film but would still show up","I do not love this film but would still show up","I do not love this film but would still show up","I would REALLY LIKE to watch this film","I would REALLY LIKE to watch this film","I do not love this film but would still show up","I would NOT come to watch this film"
"2021/03/03 5:32:31 pm GMT-5","I would REALLY LIKE to watch this film","I do not love this film but would still show up","I would REALLY LIKE to watch this film","I would REALLY LIKE to watch this film","I do not love this film but would still show up","I do not love this film but would still show up","I do not love this film but would still show up","I do not love this film but would still show up"
"2021/03/03 6:27:14 pm GMT-5","I do not love this film but would still show up","I do not love this film but would still show up","I would REALLY LIKE to watch this film","I do not love this film but would still show up","I would REALLY LIKE to watch this film","I do not love this film but would still show up","I do not love this film but would still show up","I do not love this film but would still show up"
"2021/03/03 7:06:37 pm GMT-5","I would REALLY LIKE to watch this film","I do not love this film but would still show up","I would NOT come to watch this film","I would REALLY LIKE to watch this film","I do not love this film but would still show up","I would NOT come to watch this film","I would NOT come to watch this film","I would REALLY LIKE to watch this film"
"2021/03/03 10:27:28 pm GMT-5","I would REALLY LIKE to watch this film","I do not love this film but would still show up","I would REALLY LIKE to watch this film","I would REALLY LIKE to watch this film","I do not love this film but would still show up","I would REALLY LIKE to watch this film","I do not love this film but would still show up","I would NOT come to watch this film"
"2021/03/04 8:31:20 pm GMT-5","I would NOT come to watch this film","I do not love this film but would still show up","I would NOT come to watch this film","I do not love this film but would still show up","I would REALLY LIKE to watch this film","I would NOT come to watch this film","I would NOT come to watch this film","I would NOT come to watch this film"
"2021/03/07 1:00:27 pm GMT-5","I would NOT come to watch this film","I would REALLY LIKE to watch this film","I do not love this film but would still show up","I do not love this film but would still show up","I would NOT come to watch this film","I do not love this film but would still show up","I would REALLY LIKE to watch this film","I would NOT come to watch this film"
"2021/03/08 7:58:15 am GMT-5","I would REALLY LIKE to watch this film","I do not love this film but would still show up","I do not love this film but would still show up","I do not love this film but would still show up","I would REALLY LIKE to watch this film","I would REALLY LIKE to watch this film","I do not love this film but would still show up","I do not love this film but would still show up"
"2021/03/08 10:56:25 am GMT-5","I would REALLY LIKE to watch this film","I would NOT come to watch this film","I do not love this film but would still show up","I would NOT come to watch this film","I do not love this film but would still show up","I would REALLY LIKE to watch this film","I would NOT come to watch this film","I would NOT come to watch this film"
"2021/03/08 11:30:59 am GMT-5","I do not love this film but would still show up","I do not love this film but would still show up","I would NOT come to watch this film","I would NOT come to watch this film","I would NOT come to watch this film","I do not love this film but would still show up","I do not love this film but would still show up","I would NOT come to watch this film"
"2021/03/08 2:03:16 pm GMT-5","I would REALLY LIKE to watch this film","I do not love this film but would still show up","I do not love this film but would still show up","I would REALLY LIKE to watch this film","I would REALLY LIKE to watch this film","I would NOT come to watch this film","I do not love this film but would still show up","I would NOT come to watch this film"
"2021/03/08 4:04:15 pm GMT-5","I would REALLY LIKE to watch this film","I do not love this film but would still show up","I do not love this film but would still show up","I would REALLY LIKE to watch this film","I do not love this film but would still show up","I do not love this film but would still show up","I would NOT come to watch this film","I do not love this film but would still show up"